{
  "_comment0": "This is a base file provided by Paintings ++",
  "_comment1": "Delete the paintings directory to regenerate this file.",
  "_comment2": "This file can be edited or deleted if desired.",
  "_comment3": "However, It is recomended you make a new file with all your own paintings in for optimal customisation",
  "_comment4": "Additional painting textures can be added in a ResourcePack under directory :",
  "_comment5": "assets/paintings/textures/painting",
  "_comment6": "For optimal experience, please keep your file sizes in multiples of 16 !",
  "paintings": [
    {
      "name": "proxen-burning_skull",
      "square": 48
    },
    {
      "name": "proxen-courbet",
      "x": 64,
      "y": 32
    },
    {
      "name": "proxen-creebet",
      "x": 64,
      "y": 32
    },
    {
      "name": "proxen-donkey_kong",
      "x": 64,
      "y": 48
    },
    {
      "name": "proxen-pointer",
      "square": 64
    },
    {
      "name": "proxen-skeleton",
      "x": 64,
      "y": 48
    }
  ]
}