{
  "_comment0": "This is a base file provided by Paintings ++",
  "_comment1": "Delete the paintings directory to regenerate this file.",
  "_comment2": "This file can be edited or deleted if desired.",
  "_comment3": "However, It is recomended you make a new file with all your own paintings in for optimal customisation",
  "_comment4": "Additional painting textures can be added in a ResourcePack under directory :",
  "_comment5": "assets/paintings/textures/painting",
  "_comment6": "For optimal experience, please keep your file sizes in multiples of 16 !",
  "paintings": [
    {
      "name": "pride-alban",
      "square": 16
    },
    {
      "name": "pride-aztec",
      "square": 16
    },
    {
      "name": "pride-aztec2",
      "square": 16
    },
    {
      "name": "pride-bomb",
      "square": 16
    },
    {
      "name": "pride-burning_skull",
      "square": 64
    },
    {
      "name": "pride-bust",
      "square": 32
    },
    {
      "name": "pride-courbet",
      "x": 32,
      "y": 16
    },
    {
      "name": "pride-creebet",
      "x": 32,
      "y": 16
    },
    {
      "name": "pride-donkey_kong",
      "x": 64,
      "y": 48
    },
    {
      "name": "pride-fighters",
      "x": 64,
      "y": 32
    },
    {
      "name": "pride-graham",
      "x": 16,
      "y": 32
    },
    {
      "name": "pride-kebab",
      "square": 16
    },
    {
      "name": "pride-match",
      "square": 32
    },
    {
      "name": "pride-pigscene",
      "square": 64
    },
    {
      "name": "pride-plant",
      "square": 16
    },
    {
      "name": "pride-pointer",
      "square": 64
    },
    {
      "name": "pride-pool",
      "x": 32,
      "y": 16
    },
    {
      "name": "pride-sea",
      "x": 32,
      "y": 16
    },
    {
      "name": "pride-skeleton",
      "square": 32
    },
    {
      "name": "pride-skull_and_roses",
      "square": 32
    },
    {
      "name": "pride-stage",
      "square": 32
    },
    {
      "name": "pride-sunset",
      "x": 32,
      "y": 16
    },
    {
      "name": "pride-void",
      "square": 32
    },
    {
      "name": "pride-wanderer",
      "x": 16,
      "y": 32
    },
    {
      "name": "pride-wasteland",
      "square": 16
    },
    {
      "name": "pride-wither",
      "square": 32
    }
  ]
}