{
  "_comment0": "This is a base file provided by Paintings ++",
  "_comment1": "Delete the paintings directory to regenerate this file.",
  "_comment2": "This file can be edited or deleted if desired.",
  "_comment3": "However, It is recomended you make a new file with all your own paintings in for optimal customisation",
  "_comment4": "Additional painting textures can be added in a ResourcePack under directory :",
  "_comment5": "assets/paintings/textures/painting",
  "_comment6": "For optimal experience, please keep your file sizes in multiples of 16 !",
  "paintings": [
    {
      "name": "valentine-alban",
      "square": 32
    },
    {
      "name": "valentine-aztec",
      "square": 32
    },
    {
      "name": "valentine-aztec2",
      "square": 32
    },
    {
      "name": "valentine-bomb",
      "square": 32
    },
    {
      "name": "valentine-burning_skull",
      "square": 32
    },
    {
      "name": "valentine-bust",
      "square": 32
    },
    {
      "name": "valentine-courbet",
      "x": 64,
      "y": 32
    },
    {
      "name": "valentine-creebet",
      "x": 64,
      "y": 32
    },
    {
      "name": "valentine-donkey_kong",
      "x": 64,
      "y": 48
    },
    {
      "name": "valentine-fighters",
      "x": 64,
      "y": 32
    },
    {
      "name": "valentine-graham",
      "x": 32,
      "y": 64
    },
    {
      "name": "valentine-kebab",
      "square": 32
    },
    {
      "name": "valentine-match",
      "square": 32
    },
    {
      "name": "valentine-pigscene",
      "square": 32
    },
    {
      "name": "valentine-plant",
      "square": 32
    },
    {
      "name": "valentine-pointer",
      "square": 32
    },
    {
      "name": "valentine-pool",
      "x": 64,
      "y": 32
    },
    {
      "name": "valentine-sea",
      "x": 64,
      "y": 32
    },
    {
      "name": "valentine-skeleton",
      "x": 64,
      "y": 48
    },
    {
      "name": "valentine-skull_and_roses",
      "square": 32
    },
    {
      "name": "valentine-stage",
      "square": 32
    },
    {
      "name": "valentine-sunset",
      "x": 64,
      "y": 32
    },
    {
      "name": "valentine-void",
      "square": 32
    },
    {
      "name": "valentine-wanderer",
      "x": 32,
      "y": 64
    },
    {
      "name": "valentine-wasteland",
      "square": 32
    },
    {
      "name": "valentine-wither",
      "square": 32
    }
  ]
}